{
    "$schema": "http://schema.management.azure.com/schemas/2015-01-01/deploymentTemplate.json#",
    "contentVersion": "1.0.0.0",
    "parameters": {
        "factoryName": {
            "type": "string",
            "metadata": "Data Factory name",
            "defaultValue": "adfapp"
        },
        "weatherapi_properties_typeProperties_url": {
            "type": "string",
            "defaultValue": "https://api.openweathermap.org/data/2.5/weather?q=Delhi&appid=eae27443a9f6a2ac26579b3299ecc056"
        },
        "AzureKeyVault_properties_typeProperties_baseUrl": {
            "type": "string",
            "defaultValue": "https://appkeysdec20.vault.azure.net/"
        },
        "AzureBlobStorage1_properties_typeProperties_connectionString_secretName": {
            "type": "string",
            "defaultValue": "storageconnection"
        },
        "containerUri": {
            "type": "string",
            "metadata": "URI to storage account containing linked ARM templates"
        },
        "containerSasToken": {
            "type": "string",
            "metadata": "Sas token to storage account containing linked ARM templates"
        }
    },
    "variables": {
        "factoryId": "[concat('Microsoft.DataFactory/factories/', parameters('factoryName'))]"
    },
    "resources": [
        {
            "name": "adfapp_ArmTemplate_0",
            "type": "Microsoft.Resources/deployments",
            "apiVersion": "2018-02-01",
            "properties": {
                "mode": "incremental",
                "templateLink": {
                    "uri": "[concat(parameters('containerUri'), '/ArmTemplate_0.json', parameters('containerSasToken'))]",
                    "contentVersion": "1.0.0.0"
                },
                "parameters": {
                    "factoryName": {
                        "value": "[parameters('factoryName')]"
                    },
                    "weatherapi_properties_typeProperties_url": {
                        "value": "[parameters('weatherapi_properties_typeProperties_url')]"
                    },
                    "AzureKeyVault_properties_typeProperties_baseUrl": {
                        "value": "[parameters('AzureKeyVault_properties_typeProperties_baseUrl')]"
                    },
                    "AzureBlobStorage1_properties_typeProperties_connectionString_secretName": {
                        "value": "[parameters('AzureBlobStorage1_properties_typeProperties_connectionString_secretName')]"
                    }
                }
            },
            "dependsOn": []
        }
    ]
}