{
    "$schema": "http://schema.management.azure.com/schemas/2015-01-01/deploymentTemplate.json#",
    "contentVersion": "1.0.0.0",
    "parameters": {
        "factoryName": {
            "type": "string",
            "metadata": "Data Factory name",
            "defaultValue": "adfdemoUS"
        },
        "AzureBlobStorage_connectionString": {
            "type": "secureString",
            "metadata": "Secure string for 'connectionString' of 'AzureBlobStorage'"
        },
        "HttpServer3_properties_typeProperties_url": {
            "type": "string",
            "defaultValue": "https://api.openweathermap.org/data/2.5/weather?q=Delhi&appid=eae27443a9f6a2ac26579b3299ecc056"
        },
        "apiweather_properties_typeProperties_url": {
            "type": "string",
            "defaultValue": "https://api.openweathermap.org/data/2.5/weather?q=Delhi&appid=eae27443a9f6a2ac26579b3299ecc056"
        }
    },
    "variables": {
        "factoryId": "[concat('Microsoft.DataFactory/factories/', parameters('factoryName'))]"
    },
    "resources": [
        {
            "name": "[concat(parameters('factoryName'), '/DelimitedText1')]",
            "type": "Microsoft.DataFactory/factories/datasets",
            "apiVersion": "2018-06-01",
            "properties": {
                "annotations": [],
                "type": "DelimitedText",
                "typeProperties": {
                    "location": {
                        "type": "AzureBlobStorageLocation",
                        "fileName": "201612-WeatherData.txt.txt",
                        "folderPath": "api",
                        "container": "datafiles"
                    },
                    "columnDelimiter": ",",
                    "escapeChar": "\\",
                    "firstRowAsHeader": true,
                    "quoteChar": "\""
                },
                "schema": []
            },
            "dependsOn": []
        },
        {
            "name": "[concat(parameters('factoryName'), '/Json1')]",
            "type": "Microsoft.DataFactory/factories/datasets",
            "apiVersion": "2018-06-01",
            "properties": {
                "annotations": [],
                "type": "Json",
                "typeProperties": {
                    "location": {
                        "type": "HttpServerLocation"
                    }
                },
                "schema": {}
            },
            "dependsOn": []
        },
        {
            "name": "[concat(parameters('factoryName'), '/Json4')]",
            "type": "Microsoft.DataFactory/factories/datasets",
            "apiVersion": "2018-06-01",
            "properties": {
                "annotations": [],
                "type": "Json",
                "typeProperties": {
                    "location": {
                        "type": "AzureBlobStorageLocation",
                        "container": "test"
                    }
                },
                "schema": {}
            },
            "dependsOn": []
        },
        {
            "name": "[concat(parameters('factoryName'), '/Json5')]",
            "type": "Microsoft.DataFactory/factories/datasets",
            "apiVersion": "2018-06-01",
            "properties": {
                "annotations": [],
                "type": "Json",
                "typeProperties": {
                    "location": {
                        "type": "AzureBlobStorageLocation",
                        "container": "test"
                    }
                },
                "schema": {}
            },
            "dependsOn": []
        },
        {
            "name": "[concat(parameters('factoryName'), '/ds_json_dataflow_sample')]",
            "type": "Microsoft.DataFactory/factories/datasets",
            "apiVersion": "2018-06-01",
            "properties": {
                "annotations": [],
                "type": "Json",
                "typeProperties": {
                    "location": {
                        "type": "AzureBlobStorageLocation",
                        "fileName": "jsondata.json",
                        "container": "datafiles"
                    }
                },
                "schema": {
                    "type": "object",
                    "properties": {
                        "id": {
                            "type": "string"
                        },
                        "type": {
                            "type": "string"
                        },
                        "name": {
                            "type": "string"
                        },
                        "ppu": {
                            "type": "number"
                        },
                        "batters": {
                            "type": "object",
                            "properties": {
                                "batter": {
                                    "type": "array",
                                    "items": {
                                        "type": "object",
                                        "properties": {
                                            "id": {
                                                "type": "string"
                                            },
                                            "type": {
                                                "type": "string"
                                            }
                                        }
                                    }
                                }
                            }
                        },
                        "topping": {
                            "type": "array",
                            "items": {
                                "type": "object",
                                "properties": {
                                    "id": {
                                        "type": "string"
                                    },
                                    "type": {
                                        "type": "string"
                                    }
                                }
                            }
                        }
                    }
                }
            },
            "dependsOn": []
        },
        {
            "name": "[concat(parameters('factoryName'), '/jsondata')]",
            "type": "Microsoft.DataFactory/factories/datasets",
            "apiVersion": "2018-06-01",
            "properties": {
                "annotations": [],
                "type": "Json",
                "typeProperties": {
                    "location": {
                        "type": "AzureBlobStorageLocation",
                        "fileName": "orders.json",
                        "container": "datafiles"
                    }
                },
                "schema": {
                    "type": "object",
                    "properties": {
                        "orderID": {
                            "type": "integer"
                        },
                        "customerID": {
                            "type": "string"
                        },
                        "employeeID": {
                            "type": "integer"
                        },
                        "orderDate": {
                            "type": "string"
                        },
                        "requiredDate": {
                            "type": "string"
                        },
                        "shippedDate": {
                            "type": "string"
                        },
                        "shipVia": {
                            "type": "integer"
                        },
                        "freight": {
                            "type": "number"
                        },
                        "shipName": {
                            "type": "string"
                        },
                        "shipAddress": {
                            "type": "object",
                            "properties": {
                                "street": {
                                    "type": "string"
                                },
                                "city": {
                                    "type": "string"
                                },
                                "region": {
                                    "type": "string"
                                },
                                "postalCode": {
                                    "type": "null"
                                },
                                "country": {
                                    "type": "string"
                                }
                            }
                        },
                        "details": {
                            "type": "array",
                            "items": {
                                "type": "object",
                                "properties": {
                                    "productID": {
                                        "type": "integer"
                                    },
                                    "unitPrice": {
                                        "type": "integer"
                                    },
                                    "quantity": {
                                        "type": "integer"
                                    },
                                    "discount": {
                                        "type": "integer"
                                    }
                                }
                            }
                        }
                    }
                }
            },
            "dependsOn": []
        },
        {
            "name": "[concat(parameters('factoryName'), '/AzureBlobStorage')]",
            "type": "Microsoft.DataFactory/factories/linkedServices",
            "apiVersion": "2018-06-01",
            "properties": {
                "annotations": [],
                "type": "AzureBlobStorage",
                "typeProperties": {
                    "connectionString": "[parameters('AzureBlobStorage_connectionString')]"
                }
            },
            "dependsOn": []
        },
        {
            "name": "[concat(parameters('factoryName'), '/HttpServer3')]",
            "type": "Microsoft.DataFactory/factories/linkedServices",
            "apiVersion": "2018-06-01",
            "properties": {
                "annotations": [],
                "type": "HttpServer",
                "typeProperties": {
                    "url": "[parameters('HttpServer3_properties_typeProperties_url')]",
                    "enableServerCertificateValidation": true,
                    "authenticationType": "Anonymous"
                }
            },
            "dependsOn": []
        },
        {
            "name": "[concat(parameters('factoryName'), '/apiweather')]",
            "type": "Microsoft.DataFactory/factories/linkedServices",
            "apiVersion": "2018-06-01",
            "properties": {
                "annotations": [],
                "type": "HttpServer",
                "typeProperties": {
                    "url": "[parameters('apiweather_properties_typeProperties_url')]",
                    "enableServerCertificateValidation": true,
                    "authenticationType": "Anonymous"
                }
            },
            "dependsOn": []
        },
        {
            "name": "[concat(parameters('factoryName'), '/trigger1')]",
            "type": "Microsoft.DataFactory/factories/triggers",
            "apiVersion": "2018-06-01",
            "properties": {
                "annotations": [],
                "runtimeState": "Stopped",
                "pipelines": [],
                "type": "ScheduleTrigger",
                "typeProperties": {
                    "recurrence": {
                        "frequency": "Minute",
                        "interval": 1,
                        "startTime": "2020-09-24T11:48:00Z",
                        "endTime": "2020-09-25T11:48:00Z",
                        "timeZone": "UTC"
                    }
                }
            },
            "dependsOn": []
        },
        {
            "name": "[concat(parameters('factoryName'), '/trigger2')]",
            "type": "Microsoft.DataFactory/factories/triggers",
            "apiVersion": "2018-06-01",
            "properties": {
                "annotations": [],
                "runtimeState": "Started",
                "pipelines": [],
                "type": "ScheduleTrigger",
                "typeProperties": {
                    "recurrence": {
                        "frequency": "Hour",
                        "interval": 1,
                        "startTime": "2020-10-20T16:15:00Z",
                        "endTime": "2020-10-20T17:17:00Z",
                        "timeZone": "UTC"
                    }
                }
            },
            "dependsOn": []
        },
        {
            "name": "[concat(parameters('factoryName'), '/foreachmetadata')]",
            "type": "Microsoft.DataFactory/factories/pipelines",
            "apiVersion": "2018-06-01",
            "properties": {
                "activities": [
                    {
                        "name": "Get Metadata1",
                        "type": "GetMetadata",
                        "dependsOn": [],
                        "policy": {
                            "timeout": "7.00:00:00",
                            "retry": 0,
                            "retryIntervalInSeconds": 30,
                            "secureOutput": false,
                            "secureInput": false
                        },
                        "userProperties": [],
                        "typeProperties": {
                            "fieldList": [
                                "childItems"
                            ],
                            "storeSettings": {
                                "type": "AzureBlobStorageReadSettings"
                            },
                            "formatSettings": {
                                "type": "JsonReadSettings"
                            }
                        }
                    },
                    {
                        "name": "ForEach1",
                        "type": "ForEach",
                        "dependsOn": [
                            {
                                "activity": "Get Metadata1",
                                "dependencyConditions": [
                                    "Succeeded"
                                ]
                            }
                        ],
                        "userProperties": [],
                        "typeProperties": {
                            "items": {
                                "value": "@activity('Get Metadata1').output.childItems",
                                "type": "Expression"
                            },
                            "activities": [
                                {
                                    "name": "Append variable1",
                                    "type": "AppendVariable",
                                    "dependsOn": [],
                                    "userProperties": [],
                                    "typeProperties": {
                                        "variableName": "fileList",
                                        "value": {
                                            "value": "@item().name",
                                            "type": "Expression"
                                        }
                                    }
                                }
                            ]
                        }
                    }
                ],
                "variables": {
                    "fileList": {
                        "type": "Array"
                    }
                },
                "annotations": []
            },
            "dependsOn": []
        },
        {
            "name": "[concat(parameters('factoryName'), '/pipeline1')]",
            "type": "Microsoft.DataFactory/factories/pipelines",
            "apiVersion": "2018-06-01",
            "properties": {
                "activities": [
                    {
                        "name": "weather to blob",
                        "type": "Copy",
                        "dependsOn": [],
                        "policy": {
                            "timeout": "7.00:00:00",
                            "retry": 0,
                            "retryIntervalInSeconds": 30,
                            "secureOutput": false,
                            "secureInput": false
                        },
                        "userProperties": [],
                        "typeProperties": {
                            "source": {
                                "type": "JsonSource",
                                "storeSettings": {
                                    "type": "HttpReadSettings",
                                    "requestMethod": "GET",
                                    "requestTimeout": ""
                                },
                                "formatSettings": {
                                    "type": "JsonReadSettings"
                                }
                            },
                            "sink": {
                                "type": "DelimitedTextSink",
                                "storeSettings": {
                                    "type": "AzureBlobStorageWriteSettings"
                                },
                                "formatSettings": {
                                    "type": "DelimitedTextWriteSettings",
                                    "quoteAllText": true,
                                    "fileExtension": ".txt"
                                }
                            },
                            "enableStaging": false
                        },
                        "inputs": [
                            {
                                "referenceName": "Json1",
                                "type": "DatasetReference",
                                "parameters": {}
                            }
                        ],
                        "outputs": [
                            {
                                "referenceName": "DelimitedText1",
                                "type": "DatasetReference",
                                "parameters": {}
                            }
                        ]
                    }
                ],
                "annotations": [],
                "lastPublishTime": "2020-09-06T16:43:59Z"
            },
            "dependsOn": [
                "[concat(variables('factoryId'), '/datasets/Json1')]",
                "[concat(variables('factoryId'), '/datasets/DelimitedText1')]"
            ]
        },
        {
            "name": "[concat(parameters('factoryName'), '/pipeline5')]",
            "type": "Microsoft.DataFactory/factories/pipelines",
            "apiVersion": "2018-06-01",
            "properties": {
                "activities": [
                    {
                        "name": "GetFileNamesFromStorage",
                        "type": "GetMetadata",
                        "dependsOn": [],
                        "policy": {
                            "timeout": "7.00:00:00",
                            "retry": 0,
                            "retryIntervalInSeconds": 30,
                            "secureOutput": false,
                            "secureInput": false
                        },
                        "userProperties": [],
                        "typeProperties": {
                            "dataset": {
                                "referenceName": "Json5",
                                "type": "DatasetReference",
                                "parameters": {}
                            },
                            "fieldList": [
                                "childItems"
                            ],
                            "formatSettings": {
                                "type": "JsonReadSettings"
                            }
                        }
                    },
                    {
                        "name": "ForEach1",
                        "type": "ForEach",
                        "dependsOn": [
                            {
                                "activity": "GetFileNamesFromStorage",
                                "dependencyConditions": [
                                    "Succeeded"
                                ]
                            }
                        ],
                        "userProperties": [],
                        "typeProperties": {
                            "items": {
                                "value": "@activity('GetFileNamesFromStorage').output.childitems",
                                "type": "Expression"
                            },
                            "activities": [
                                {
                                    "name": "Append variable1",
                                    "type": "AppendVariable",
                                    "dependsOn": [],
                                    "userProperties": [],
                                    "typeProperties": {
                                        "variableName": "Filelist",
                                        "value": {
                                            "value": "@item().name",
                                            "type": "Expression"
                                        }
                                    }
                                }
                            ]
                        }
                    }
                ],
                "variables": {
                    "Filelist": {
                        "type": "Array"
                    }
                },
                "annotations": []
            },
            "dependsOn": [
                "[concat(variables('factoryId'), '/datasets/Json5')]"
            ]
        },
        {
            "name": "[concat(parameters('factoryName'), '/dataflow1')]",
            "type": "Microsoft.DataFactory/factories/dataflows",
            "apiVersion": "2018-06-01",
            "properties": {
                "type": "MappingDataFlow",
                "typeProperties": {
                    "sources": [
                        {
                            "dataset": {
                                "referenceName": "ds_json_dataflow_sample",
                                "type": "DatasetReference"
                            },
                            "name": "source1"
                        }
                    ],
                    "sinks": [
                        {
                            "name": "sink1"
                        }
                    ],
                    "transformations": [
                        {
                            "name": "Flatten1"
                        },
                        {
                            "name": "Flatten2"
                        }
                    ],
                    "script": "source(output(\n\t\tid as string,\n\t\ttype as string,\n\t\tname as string,\n\t\tppu as double,\n\t\tbatters as (batter as (id as string, type as string)[]),\n\t\ttopping as (id as string, type as string)[]\n\t),\n\tallowSchemaDrift: false,\n\tvalidateSchema: false,\n\tignoreNoFilesFound: false,\n\tdocumentForm: 'documentPerLine',\n\twildcardPaths:['jsondata.json']) ~> source1\nsource1 foldDown(unroll(topping),\n\tmapColumn(\n\t\tid,\n\t\ttype,\n\t\tname,\n\t\tppu,\n\t\tbatters,\n\t\ttopping_id = topping.id,\n\t\ttopping_type = topping.type\n\t),\n\tskipDuplicateMapInputs: false,\n\tskipDuplicateMapOutputs: false) ~> Flatten1\nFlatten1 foldDown(unroll(batters.batter),\n\tmapColumn(\n\t\titemId = id,\n\t\titemType = type,\n\t\tname,\n\t\tppu,\n\t\t{batters.batter_id} = batters.batter.id,\n\t\t{batters.batter_type} = batters.batter.type,\n\t\ttopping_id,\n\t\ttopping_type\n\t),\n\tskipDuplicateMapInputs: false,\n\tskipDuplicateMapOutputs: false) ~> Flatten2\nFlatten2 sink(skipDuplicateMapInputs: true,\n\tskipDuplicateMapOutputs: true) ~> sink1"
                }
            },
            "dependsOn": [
                "[concat(variables('factoryId'), '/datasets/ds_json_dataflow_sample')]"
            ]
        },
        {
            "name": "[concat(parameters('factoryName'), '/dataflow2')]",
            "type": "Microsoft.DataFactory/factories/dataflows",
            "apiVersion": "2018-06-01",
            "properties": {
                "type": "MappingDataFlow",
                "typeProperties": {
                    "sources": [
                        {
                            "dataset": {
                                "referenceName": "jsondata",
                                "type": "DatasetReference"
                            },
                            "name": "source1"
                        }
                    ],
                    "sinks": [
                        {
                            "name": "sink1"
                        }
                    ],
                    "transformations": [
                        {
                            "name": "Flatten1"
                        }
                    ],
                    "script": "source(output(\n\t\torderID as string,\n\t\tcustomerID as string,\n\t\temployeeID as string,\n\t\torderDate as string,\n\t\trequiredDate as string,\n\t\tshippedDate as string,\n\t\tshipVia as string,\n\t\tfreight as double,\n\t\tshipName as string,\n\t\tshipAddress as (street as string, city as string, region as string, postalCode as string, country as string),\n\t\tdetails as (productID as string, unitPrice as string, quantity as string, discount as string)[]\n\t),\n\tallowSchemaDrift: false,\n\tvalidateSchema: false,\n\tignoreNoFilesFound: false,\n\tdocumentForm: 'documentPerLine',\n\twildcardPaths:['orders.json']) ~> source1\nsource1 foldDown(unroll(details, details),\n\tmapColumn(\n\t\torderID,\n\t\tcustomerID,\n\t\temployeeID,\n\t\torderDate,\n\t\trequiredDate,\n\t\tshippedDate,\n\t\tshipVia,\n\t\tfreight,\n\t\tshipName\n\t),\n\tskipDuplicateMapInputs: false,\n\tskipDuplicateMapOutputs: false) ~> Flatten1\nFlatten1 sink() ~> sink1"
                }
            },
            "dependsOn": [
                "[concat(variables('factoryId'), '/datasets/jsondata')]"
            ]
        }
    ]
}