{
    "$schema": "https://schema.management.azure.com/schemas/2015-01-01/deploymentParameters.json#",
    "contentVersion": "1.0.0.0",
    "parameters": {
        "factoryName": {
            "value": "adfdemoUS"
        },
        "AzureBlobStorage_connectionString": {
            "value": ""
        },
        "HttpServer3_properties_typeProperties_url": {
            "value": "https://api.openweathermap.org/data/2.5/weather?q=Delhi&appid=eae27443a9f6a2ac26579b3299ecc056"
        },
        "apiweather_properties_typeProperties_url": {
            "value": "https://api.openweathermap.org/data/2.5/weather?q=Delhi&appid=eae27443a9f6a2ac26579b3299ecc056"
        }
    }
}