{
    "$schema": "http://schema.management.azure.com/schemas/2015-01-01/deploymentTemplate.json#",
    "contentVersion": "1.0.0.0",
    "parameters": {
        "factoryName": {
            "type": "string",
            "metadata": "Data Factory name",
            "defaultValue": "adfapp"
        },
        "weatherapi_properties_typeProperties_url": {
            "type": "string",
            "defaultValue": "https://api.openweathermap.org/data/2.5/weather?q=Delhi&appid=eae27443a9f6a2ac26579b3299ecc056"
        },
        "AzureKeyVault_properties_typeProperties_baseUrl": {
            "type": "string",
            "defaultValue": "https://appkeysdec20.vault.azure.net/"
        },
        "AzureBlobStorage1_properties_typeProperties_connectionString_secretName": {
            "type": "string",
            "defaultValue": "storageconnection"
        }
    },
    "variables": {
        "factoryId": "[concat('Microsoft.DataFactory/factories/', parameters('factoryName'))]"
    },
    "resources": [
        {
            "name": "[concat(parameters('factoryName'), '/weatherapi')]",
            "type": "Microsoft.DataFactory/factories/linkedServices",
            "apiVersion": "2018-06-01",
            "properties": {
                "annotations": [],
                "type": "HttpServer",
                "typeProperties": {
                    "url": "[parameters('weatherapi_properties_typeProperties_url')]",
                    "enableServerCertificateValidation": true,
                    "authenticationType": "Anonymous"
                }
            },
            "dependsOn": []
        },
        {
            "name": "[concat(parameters('factoryName'), '/AzureKeyVault')]",
            "type": "Microsoft.DataFactory/factories/linkedServices",
            "apiVersion": "2018-06-01",
            "properties": {
                "annotations": [],
                "type": "AzureKeyVault",
                "typeProperties": {
                    "baseUrl": "[parameters('AzureKeyVault_properties_typeProperties_baseUrl')]"
                }
            },
            "dependsOn": []
        },
        {
            "name": "[concat(parameters('factoryName'), '/AzureBlobStorage1')]",
            "type": "Microsoft.DataFactory/factories/linkedServices",
            "apiVersion": "2018-06-01",
            "properties": {
                "annotations": [],
                "type": "AzureBlobStorage",
                "typeProperties": {
                    "connectionString": {
                        "type": "AzureKeyVaultSecret",
                        "store": {
                            "referenceName": "AzureKeyVault",
                            "type": "LinkedServiceReference"
                        },
                        "secretName": "[parameters('AzureBlobStorage1_properties_typeProperties_connectionString_secretName')]"
                    }
                }
            },
            "dependsOn": [
                "[concat(variables('factoryId'), '/linkedServices/AzureKeyVault')]"
            ]
        },
        {
            "name": "[concat(parameters('factoryName'), '/CopyPipeline')]",
            "type": "Microsoft.DataFactory/factories/pipelines",
            "apiVersion": "2018-06-01",
            "properties": {
                "activities": [
                    {
                        "name": "weatherToBlob",
                        "type": "Copy",
                        "dependsOn": [],
                        "policy": {
                            "timeout": "7.00:00:00",
                            "retry": 0,
                            "retryIntervalInSeconds": 30,
                            "secureOutput": false,
                            "secureInput": false
                        },
                        "userProperties": [],
                        "typeProperties": {
                            "source": {
                                "type": "JsonSource",
                                "storeSettings": {
                                    "type": "HttpReadSettings",
                                    "requestMethod": "GET"
                                },
                                "formatSettings": {
                                    "type": "JsonReadSettings"
                                }
                            },
                            "sink": {
                                "type": "JsonSink",
                                "storeSettings": {
                                    "type": "AzureBlobStorageWriteSettings"
                                },
                                "formatSettings": {
                                    "type": "JsonWriteSettings"
                                }
                            },
                            "enableStaging": false
                        },
                        "inputs": [
                            {
                                "referenceName": "weatherapi",
                                "type": "DatasetReference",
                                "parameters": {}
                            }
                        ],
                        "outputs": [
                            {
                                "referenceName": "Json1",
                                "type": "DatasetReference",
                                "parameters": {}
                            }
                        ]
                    }
                ],
                "annotations": []
            },
            "dependsOn": [
                "[concat(variables('factoryId'), '/datasets/weatherapi')]",
                "[concat(variables('factoryId'), '/datasets/Json1')]"
            ]
        },
        {
            "name": "[concat(parameters('factoryName'), '/weatherapi')]",
            "type": "Microsoft.DataFactory/factories/datasets",
            "apiVersion": "2018-06-01",
            "properties": {
                "linkedServiceName": {
                    "referenceName": "weatherapi",
                    "type": "LinkedServiceReference"
                },
                "annotations": [],
                "type": "Json",
                "typeProperties": {
                    "location": {
                        "type": "HttpServerLocation"
                    }
                },
                "schema": {}
            },
            "dependsOn": [
                "[concat(variables('factoryId'), '/linkedServices/weatherapi')]"
            ]
        },
        {
            "name": "[concat(parameters('factoryName'), '/Json1')]",
            "type": "Microsoft.DataFactory/factories/datasets",
            "apiVersion": "2018-06-01",
            "properties": {
                "linkedServiceName": {
                    "referenceName": "AzureBlobStorage1",
                    "type": "LinkedServiceReference"
                },
                "annotations": [],
                "type": "Json",
                "typeProperties": {
                    "location": {
                        "type": "AzureBlobStorageLocation",
                        "folderPath": "dec12",
                        "container": "datafiles"
                    }
                },
                "schema": {}
            },
            "dependsOn": [
                "[concat(variables('factoryId'), '/linkedServices/AzureBlobStorage1')]"
            ]
        },
        {
            "name": "[concat(parameters('factoryName'), '/PullDailyWeather')]",
            "type": "Microsoft.DataFactory/factories/triggers",
            "apiVersion": "2018-06-01",
            "properties": {
                "annotations": [],
                "runtimeState": "Stopped",
                "pipelines": [
                    {
                        "pipelineReference": {
                            "referenceName": "CopyPipeline",
                            "type": "PipelineReference"
                        },
                        "parameters": {}
                    }
                ],
                "type": "ScheduleTrigger",
                "typeProperties": {
                    "recurrence": {
                        "frequency": "Hour",
                        "interval": 24,
                        "startTime": "2020-12-12T03:33:00Z",
                        "timeZone": "UTC"
                    }
                }
            },
            "dependsOn": [
                "[concat(variables('factoryId'), '/pipelines/CopyPipeline')]"
            ]
        },
        {
            "name": "[concat(parameters('factoryName'), '/readfilesnames')]",
            "type": "Microsoft.DataFactory/factories/pipelines",
            "apiVersion": "2018-06-01",
            "properties": {
                "activities": [
                    {
                        "name": "Get Metadata1",
                        "type": "GetMetadata",
                        "dependsOn": [],
                        "policy": {
                            "timeout": "7.00:00:00",
                            "retry": 0,
                            "retryIntervalInSeconds": 30,
                            "secureOutput": false,
                            "secureInput": false
                        },
                        "userProperties": [],
                        "typeProperties": {
                            "dataset": {
                                "referenceName": "Json2",
                                "type": "DatasetReference",
                                "parameters": {}
                            },
                            "fieldList": [
                                "childItems"
                            ],
                            "storeSettings": {
                                "type": "AzureBlobStorageReadSettings",
                                "enablePartitionDiscovery": false
                            },
                            "formatSettings": {
                                "type": "JsonReadSettings"
                            }
                        }
                    },
                    {
                        "name": "ForEach1",
                        "type": "ForEach",
                        "dependsOn": [
                            {
                                "activity": "Get Metadata1",
                                "dependencyConditions": [
                                    "Succeeded"
                                ]
                            }
                        ],
                        "userProperties": [],
                        "typeProperties": {
                            "items": {
                                "value": "@activity('Get Metadata1').output.childItems",
                                "type": "Expression"
                            },
                            "activities": [
                                {
                                    "name": "Append variable1",
                                    "type": "AppendVariable",
                                    "dependsOn": [],
                                    "userProperties": [],
                                    "typeProperties": {
                                        "variableName": "fileList",
                                        "value": {
                                            "value": "@item().name",
                                            "type": "Expression"
                                        }
                                    }
                                }
                            ]
                        }
                    }
                ],
                "variables": {
                    "fileList": {
                        "type": "Array"
                    }
                },
                "annotations": []
            },
            "dependsOn": [
                "[concat(variables('factoryId'), '/datasets/Json2')]"
            ]
        },
        {
            "name": "[concat(parameters('factoryName'), '/Json2')]",
            "type": "Microsoft.DataFactory/factories/datasets",
            "apiVersion": "2018-06-01",
            "properties": {
                "linkedServiceName": {
                    "referenceName": "AzureBlobStorage1",
                    "type": "LinkedServiceReference"
                },
                "annotations": [],
                "type": "Json",
                "typeProperties": {
                    "location": {
                        "type": "AzureBlobStorageLocation",
                        "container": "datafiles"
                    }
                },
                "schema": {}
            },
            "dependsOn": [
                "[concat(variables('factoryId'), '/linkedServices/AzureBlobStorage1')]"
            ]
        }
    ]
}